attempt,tool,sent_at,setting,frame_in_run,packet_id,sender,identity_checked,length_bytes,preamble_symbols,power_dbm,pa_duty_cycle,pa_hp_max,pa_tx_param,airtime_ms,state_before,s_since_previous_tx,previous_power_dbm,verdict,reason,capture,receiver_length,receiver_airtime_ms,snr_db,rssi_dbm,offset_hz,error_codes,receiver_log_lines,content
p1-f01,lora-ping,19:17:35,"preamble 16, payload 16, 10 dBm, 1 hop, 12 s of receive between frames",1,0x35f5fa23,0x4d530a1d,"id, sender, length",32,16,10,1,2,22,477,standby RC (first frame of a run),,,capture_invalid,the capture holds no line around the time the frame was on the air,does_not_cover,,,,,,,,not_checked
p1-f02,lora-ping,19:17:48,"preamble 16, payload 16, 10 dBm, 1 hop, 12 s of receive between frames",2,0x27c5eaab,0x4d530a1d,"id, sender, length",32,16,10,1,2,22,477,receive (later frame of a run),12.5,10,capture_invalid,the capture holds no line around the time the frame was on the air,does_not_cover,,,,,,,,not_checked
p1-f03,lora-ping,19:18:01,"preamble 16, payload 16, 10 dBm, 1 hop, 12 s of receive between frames",3,0x7dac6ed0,0x4d530a1d,"id, sender, length",32,16,10,1,2,22,477,receive (later frame of a run),12.5,10,capture_invalid,the capture holds no line around the time the frame was on the air,does_not_cover,,,,,,,,not_checked
d195030-0x903c2cfc-1,meshtasticd,19:50:30,"daemon 19:49, preamble 16, 22 dBm",1,0x903c2cfc,0x52cb81e7,"id, sender, length",145,16,22,4,7,22,1337,"receive, then standby RC, channel scan, standby RC while the frame is loaded",1947.7,10,capture_invalid,the capture holds no line around the time the frame was on the air,does_not_cover,,,,,,,,not_checked
d195038-0x903c2cfc-2,meshtasticd,19:50:38,"daemon 19:49, preamble 16, 22 dBm",2,0x903c2cfc,0x52cb81e7,"id, sender, length",145,16,22,4,7,22,1337,"receive, then standby RC, channel scan, standby RC while the frame is loaded",6.7,22,capture_invalid,the capture holds no line around the time the frame was on the air,does_not_cover,,,,,,,,not_checked
d195046-0x903c2cfc-3,meshtasticd,19:50:46,"daemon 19:49, preamble 16, 22 dBm",3,0x903c2cfc,0x52cb81e7,"id, sender, length",145,16,22,4,7,22,1337,"receive, then standby RC, channel scan, standby RC while the frame is loaded",6.7,22,capture_invalid,the capture holds no line around the time the frame was on the air,does_not_cover,,,,,,,,not_checked
d195130-0x9258fa2f-1,meshtasticd,19:51:30,"daemon 19:49, preamble 16, 22 dBm",1,0x9258fa2f,0x52cb81e7,"id, sender, length",22,16,22,4,7,22,395,"receive, then standby RC, channel scan, standby RC while the frame is loaded",43.6,22,capture_invalid,the capture holds no line around the time the frame was on the air,does_not_cover,,,,,,,,not_checked
d195133-0x0095f685-1,meshtasticd,19:51:33,"daemon 19:49, preamble 16, 22 dBm",1,0x0095f685,0x52cb81e7,"id, sender, length",29,16,22,4,7,22,477,"receive, then standby RC, channel scan, standby RC while the frame is loaded",2.5,22,capture_invalid,the capture holds no line around the time the frame was on the air,does_not_cover,,,,,,,,not_checked
d195333-0xad9251a8-1,meshtasticd,19:53:33,"daemon 19:49, preamble 16, 22 dBm",1,0xad9251a8,0x52cb81e7,"id, sender, length",132,16,22,4,7,22,1214,"receive, then standby RC, channel scan, standby RC while the frame is loaded",118.8,22,capture_invalid,the capture holds no line around the time the frame was on the air,does_not_cover,,,,,,,,not_checked
d195341-0xad9251a8-2,meshtasticd,19:53:41,"daemon 19:49, preamble 16, 22 dBm",2,0xad9251a8,0x52cb81e7,"id, sender, length",132,16,22,4,7,22,1214,"receive, then standby RC, channel scan, standby RC while the frame is loaded",6.8,22,capture_invalid,the capture holds no line around the time the frame was on the air,does_not_cover,,,,,,,,not_checked
d195348-0xad9251a8-3,meshtasticd,19:53:48,"daemon 19:49, preamble 16, 22 dBm",3,0xad9251a8,0x52cb81e7,"id, sender, length",132,16,22,4,7,22,1214,"receive, then standby RC, channel scan, standby RC while the frame is loaded",5.8,22,capture_invalid,the capture holds no line around the time the frame was on the air,does_not_cover,,,,,,,,not_checked
d195532-0xa9d56df2-1,meshtasticd,19:55:32,"daemon 19:49, preamble 16, 22 dBm",1,0xa9d56df2,0x52cb81e7,"id, sender, length",90,16,22,4,7,22,928,"receive, then standby RC, channel scan, standby RC while the frame is loaded",103.1,22,crc_failed,"checksum failure, id tentative",covers,,927,6.75,-46,,-7,tdeck-raw.log:19,not_checked
d195538-0xa9d56df2-2,meshtasticd,19:55:38,"daemon 19:49, preamble 16, 22 dBm",2,0xa9d56df2,0x52cb81e7,"id, sender, length",90,16,22,4,7,22,928,"receive, then standby RC, channel scan, standby RC while the frame is loaded",5.1,22,crc_failed,"checksum failure, id tentative",covers,,927,6.0,-44,,-7,tdeck-raw.log:22,not_checked
d195545-0xa9d56df2-3,meshtasticd,19:55:45,"daemon 19:49, preamble 16, 22 dBm",3,0xa9d56df2,0x52cb81e7,"id, sender, length",90,16,22,4,7,22,928,"receive, then standby RC, channel scan, standby RC while the frame is loaded",6.1,22,crc_failed,"checksum failure, id tentative",covers,,927,5.5,-44,,-7,tdeck-raw.log:24,not_checked
d195548-0x64754233-1,meshtasticd,19:55:48,"daemon 19:49, preamble 16, 22 dBm",1,0x64754233,0x52cb81e7,"id, sender, length",154,16,22,4,7,22,1378,"receive, then standby RC, channel scan, standby RC while the frame is loaded",1.6,22,crc_failed,"checksum failure, id tentative",covers,,1378,6.5,-42,,-7,tdeck-raw.log:26,not_checked
d195556-0x64754233-2,meshtasticd,19:55:56,"daemon 19:49, preamble 16, 22 dBm",2,0x64754233,0x52cb81e7,"id, sender, length",154,16,22,4,7,22,1378,"receive, then standby RC, channel scan, standby RC while the frame is loaded",6.6,22,crc_failed,"checksum failure, id tentative",covers,,1378,6.25,-43,,-7,tdeck-raw.log:28,not_checked
d195603-0x64754233-3,meshtasticd,19:56:03,"daemon 19:49, preamble 16, 22 dBm",3,0x64754233,0x52cb81e7,"id, sender, length",154,16,22,4,7,22,1378,"receive, then standby RC, channel scan, standby RC while the frame is loaded",5.6,22,crc_failed,"checksum failure, id tentative",covers,,1378,6.0,-44,,-7,tdeck-raw.log:32,not_checked
d214911-0xb1af2dce-1,meshtasticd,21:49:11,"daemon 21:48, preamble 160, 14 dBm, receive duty-cycled (2b64568)",1,0xb1af2dce,0x52cb81e7,"id, sender, length",176,160,14,1,4,20,2722,"receive, then standby RC, channel scan, standby RC while the frame is loaded",6785.3,22,capture_invalid,the capture holds no line around the time the frame was on the air,does_not_cover,,,,,,,,not_checked
d222030-0x03a06b55-1,meshtasticd,22:20:30,"daemon 22:19, preamble 160, 14 dBm, receive continuous (6777ecc)",1,0x03a06b55,0x52cb81e7,"id, sender, length",176,160,14,1,4,20,2722,"receive, then standby RC, channel scan, standby RC while the frame is loaded",1876.3,14,crc_failed,"checksum failure, id tentative",covers,,1542,6.25,-62,,-7,tdeck-raw3.log:191,not_checked
g1-r01-f01,lora-ping,22:22:18,"preamble 160, payload 110, 14 dBm",1,0xff194a89,0x4d5301af,"id, sender, length",126,160,14,1,4,20,2353,standby RC (first frame of a run),105.6,14,crc_failed,"checksum failure, id tentative",covers,-1,1173,7.25,-62,,-7,tdeck-raw3.log:211,not_checked
g1-r01-f02,lora-ping,22:22:24,"preamble 160, payload 110, 14 dBm",2,0x3ce79cd8,0x4d5301af,"id, sender, length",126,160,14,1,4,20,2353,receive (later frame of a run),3.6,14,crc_failed,"checksum failure, id tentative",covers,-1,1173,5.25,-62,,-7,tdeck-raw3.log:227,not_checked
g1-r02-f01,lora-ping,22:22:36,"preamble 160, payload 176, 14 dBm",1,0x6d546685,0x4d539e83,"id, sender, length",192,160,14,1,4,20,2845,standby RC (first frame of a run),9.2,14,crc_failed,"checksum failure, id tentative",covers,-1,1665,7.0,-62,,-7,tdeck-raw3.log:229,not_checked
g1-r02-f02,lora-ping,22:22:44,"preamble 160, payload 176, 14 dBm",2,0xeb7cd209,0x4d539e83,"id, sender, length",192,160,14,1,4,20,2845,receive (later frame of a run),5.2,14,crc_failed,"checksum failure, id tentative",covers,-1,1665,5.5,-60,,-7,tdeck-raw3.log:232,not_checked
g1-r03-f01,lora-ping,22:22:57,"preamble 200, payload 176, 14 dBm",1,0xfbf49e17,0x4d53123c,"id, sender, length",192,200,14,1,4,20,3172,standby RC (first frame of a run),9.8,14,ambiguous,the receiver was sending while the frame was on the air,covers,,,,,,,,not_checked
g1-r03-f02,lora-ping,22:23:04,"preamble 200, payload 176, 14 dBm",2,0xf122eb11,0x4d53123c,"id, sender, length",192,200,14,1,4,20,3172,receive (later frame of a run),3.8,14,crc_failed,"checksum failure, id tentative",covers,-1,1665,6.0,-59,,-7,tdeck-raw3.log:317,not_checked
g1-r04-f01,lora-ping,22:23:17,"preamble 256, payload 176, 14 dBm",1,0xba4a5f24,0x4d53354e,"id, sender, length",192,256,14,1,4,20,3631,standby RC (first frame of a run),9.4,14,crc_failed,"checksum failure, id tentative",covers,-1,1665,5.5,-59,,-7,tdeck-raw3.log:350,not_checked
g1-r04-f02,lora-ping,22:23:25,"preamble 256, payload 176, 14 dBm",2,0xa09f0318,0x4d53354e,"id, sender, length",192,256,14,1,4,20,3631,receive (later frame of a run),4.4,14,crc_failed,"checksum failure, id tentative",covers,-1,1665,6.0,-61,,-7,tdeck-raw3.log:353,not_checked
g1-r05-f01,lora-ping,22:23:39,"preamble 320, payload 176, 14 dBm",1,0xb13c10a4,0x4d533e30,"id, sender, length",192,320,14,1,4,20,4155,standby RC (first frame of a run),9.8,14,crc_failed,"checksum failure, id tentative",covers,-1,1665,5.5,-59,,-7,tdeck-raw3.log:355,not_checked
g1-r05-f02,lora-ping,22:23:48,"preamble 320, payload 176, 14 dBm",2,0x5485d526,0x4d533e30,"id, sender, length",192,320,14,1,4,20,4155,receive (later frame of a run),4.8,14,crc_failed,"checksum failure, id tentative",covers,-1,1665,1.75,-60,,-7,tdeck-raw3.log:358,not_checked
g1-r06-f01,lora-ping,22:24:00,"preamble 160, payload 176, 14 dBm",1,0x2b5b1db3,0x4d53f066,"id, sender, length",192,160,14,1,4,20,2845,standby RC (first frame of a run),9.2,14,crc_failed,"checksum failure, id tentative",covers,-1,1665,5.25,-59,,-7,tdeck-raw3.log:360,not_checked
g1-r06-f02,lora-ping,22:24:07,"preamble 160, payload 176, 14 dBm",2,0x9f4e92b6,0x4d53f066,"id, sender, length",192,160,14,1,4,20,2845,receive (later frame of a run),4.2,14,crc_failed,"checksum failure, id tentative",covers,-1,1665,2.75,-61,,-7,tdeck-raw3.log:364,not_checked
g2-r01-f01,lora-ping,22:26:06,"preamble 16, payload 16, 14 dBm",1,0x7ec20e99,0x4d530a4a,"id, length; the sender is the receiver's",32,16,14,1,4,20,477,standby RC (first frame of a run),118.5,14,accepted,"complete Lora RX line with id, sender and length",covers,32,477,7.0,-59,4494.030762,,tdeck-raw3.log:378,not_checked
g2-r01-f02,lora-ping,22:26:09,"preamble 16, payload 16, 14 dBm",2,0xacd34851,0x4d530a4a,"id, length; the sender is the receiver's",32,16,14,1,4,20,477,receive (later frame of a run),2.5,14,accepted,"complete Lora RX line with id, sender and length",covers,32,477,7.0,-58,4567.65625,,tdeck-raw3.log:390,not_checked
g2-r02-f01,lora-ping,22:26:17,"preamble 16, payload 60, 14 dBm",1,0x0eb0e4ca,0x4d53fe53,"id, length; the sender is the receiver's",76,16,14,1,4,20,805,standby RC (first frame of a run),7.2,14,crc_failed,"checksum failure, id tentative",covers,-1,804,3.0,-59,,-7,tdeck-raw3.log:401,not_checked
g2-r02-f02,lora-ping,22:26:21,"preamble 16, payload 60, 14 dBm",2,0x283a92ee,0x4d53fe53,"id, length; the sender is the receiver's",76,16,14,1,4,20,805,receive (later frame of a run),3.2,14,crc_failed,"checksum failure, id tentative",covers,-1,804,3.5,-59,,-7,tdeck-raw3.log:403,not_checked
g2-r03-f01,lora-ping,22:26:29,"preamble 160, payload 16, 14 dBm",1,0x99066cbf,0x4d538059,"id, length; the sender is the receiver's",32,160,14,1,4,20,1657,standby RC (first frame of a run),6.3,14,accepted,"complete Lora RX line with id, sender and length",covers,32,477,6.5,-58,4718.78125,,tdeck-raw3.log:407,not_checked
g2-r03-f02,lora-ping,22:26:34,"preamble 160, payload 16, 14 dBm",2,0xae719f0a,0x4d538059,"id, length; the sender is the receiver's",32,160,14,1,4,20,1657,receive (later frame of a run),3.3,14,accepted,"complete Lora RX line with id, sender and length",covers,32,477,7.5,-58,4842.780762,,tdeck-raw3.log:419,not_checked
g2-r04-f01,lora-ping,22:26:43,"preamble 160, payload 60, 14 dBm",1,0x27dae4a9,0x4d532887,"id, length; the sender is the receiver's",76,160,14,1,4,20,1985,standby RC (first frame of a run),7.0,14,crc_failed,"checksum failure, id tentative",covers,-1,804,2.75,-59,,-7,tdeck-raw3.log:431,not_checked
g2-r04-f02,lora-ping,22:26:48,"preamble 160, payload 60, 14 dBm",2,0x1bacac15,0x4d532887,"id, length; the sender is the receiver's",76,160,14,1,4,20,1985,receive (later frame of a run),3.0,14,crc_failed,"checksum failure, id tentative",covers,-1,804,5.0,-60,,-7,tdeck-raw3.log:433,not_checked
g2-r05-f01,lora-ping,22:26:58,"preamble 200, payload 110, 14 dBm",1,0x9db77ae2,0x4d53cdab,"id, length; the sender is the receiver's",126,200,14,1,4,20,2681,standby RC (first frame of a run),7.3,14,crc_failed,"checksum failure, id tentative",covers,-1,1173,2.75,-59,,-7,tdeck-raw3.log:435,not_checked
g2-r05-f02,lora-ping,22:27:03,"preamble 200, payload 110, 14 dBm",2,0xdad735eb,0x4d53cdab,"id, length; the sender is the receiver's",126,200,14,1,4,20,2681,receive (later frame of a run),2.3,14,crc_failed,"checksum failure, id tentative",covers,-1,1173,2.75,-60,,-7,tdeck-raw3.log:439,not_checked
g2-r06-f01,lora-ping,22:27:13,"preamble 200, payload 110, 22 dBm",1,0xc30bf82c,0x4d53bc5d,"id, length; the sender is the receiver's",126,200,22,4,7,22,2681,standby RC (first frame of a run),7.3,14,crc_failed,"checksum failure, id tentative",covers,-1,1173,6.25,-55,,-7,tdeck-raw3.log:441,not_checked
g2-r06-f02,lora-ping,22:27:19,"preamble 200, payload 110, 22 dBm",2,0x16bfc728,0x4d53bc5d,"id, length; the sender is the receiver's",126,200,22,4,7,22,2681,receive (later frame of a run),3.3,22,crc_failed,"checksum failure, id tentative",covers,-1,1173,6.0,-55,,-7,tdeck-raw3.log:443,not_checked
g2-r07-f01,lora-ping,22:27:27,"preamble 16, payload 16, 22 dBm",1,0xc5e44155,0x4d536b1b,"id, length; the sender is the receiver's",32,16,22,4,7,22,477,standby RC (first frame of a run),7.5,22,accepted,"complete Lora RX line with id, sender and length",covers,32,477,6.5,-54,4928.030762,,tdeck-raw3.log:447,not_checked
g2-r07-f02,lora-ping,22:27:30,"preamble 16, payload 16, 22 dBm",2,0x8b2ef7e1,0x4d536b1b,"id, length; the sender is the receiver's",32,16,22,4,7,22,477,receive (later frame of a run),2.5,22,accepted,"complete Lora RX line with id, sender and length",covers,32,477,6.0,-54,4953.21875,,tdeck-raw3.log:459,not_checked
g2-r08-f01,lora-ping,22:27:38,"preamble 16, payload 60, 10 dBm",1,0xd4f9cbdf,0x4d53d1fc,"id, length; the sender is the receiver's",76,16,10,1,2,22,805,standby RC (first frame of a run),7.2,22,accepted,"complete Lora RX line with id, sender and length",covers,76,804,6.5,-62,4796.28125,,tdeck-raw3.log:471,not_checked
g2-r08-f02,lora-ping,22:27:42,"preamble 16, payload 60, 10 dBm",2,0x04654bc2,0x4d53d1fc,"id, length; the sender is the receiver's",76,16,10,1,2,22,805,receive (later frame of a run),3.2,10,accepted,"complete Lora RX line with id, sender and length",covers,76,804,7.0,-61,4827.28125,,tdeck-raw3.log:483,not_checked
g3-r01-f01,lora-ping,22:28:41,"burst: preamble 200, payload 110, 22 dBm",1,0xfc3d680e,0x4d538a13,"id, length; the sender is the receiver's",126,200,22,4,7,22,2681,standby RC (first frame of a run),56.3,10,crc_failed,"checksum failure, id tentative",covers,-1,1173,6.25,-54,,-7,tdeck-raw3.log:502,not_checked
g3-r01-f02,lora-ping,22:28:46,"burst: preamble 200, payload 110, 22 dBm",2,0x82d4307f,0x4d538a13,"id, length; the sender is the receiver's",126,200,22,4,7,22,2681,receive (later frame of a run),2.3,22,crc_failed,"checksum failure, id tentative",covers,-1,1173,5.5,-54,,-7,tdeck-raw3.log:505,not_checked
g3-r01-f03,lora-ping,22:28:51,"burst: preamble 200, payload 110, 22 dBm",3,0x5a4d7890,0x4d538a13,"id, length; the sender is the receiver's",126,200,22,4,7,22,2681,receive (later frame of a run),2.3,22,crc_failed,"checksum failure, id tentative",covers,-1,1173,2.0,-55,,-7,tdeck-raw3.log:507,not_checked
g3-r01-f04,lora-ping,22:28:56,"burst: preamble 200, payload 110, 22 dBm",4,0x837b6d25,0x4d538a13,"id, length; the sender is the receiver's",126,200,22,4,7,22,2681,receive (later frame of a run),2.3,22,crc_failed,"checksum failure, id tentative",covers,-1,1173,5.25,-54,,-7,tdeck-raw3.log:509,not_checked
g3-r01-f05,lora-ping,22:29:01,"burst: preamble 200, payload 110, 22 dBm",5,0x797e8545,0x4d538a13,"id, length; the sender is the receiver's",126,200,22,4,7,22,2681,receive (later frame of a run),2.3,22,accepted,"complete Lora RX line with id, sender and length",covers,126,1173,4.75,-55,5296.155762,,tdeck-raw3.log:512,not_checked
g3-r01-f06,lora-ping,22:29:05,"burst: preamble 200, payload 110, 22 dBm",6,0x5526b5c6,0x4d538a13,"id, length; the sender is the receiver's",126,200,22,4,7,22,2681,receive (later frame of a run),1.3,22,accepted,"complete Lora RX line with id, sender and length",covers,126,1173,5.5,-54,5344.593262,,tdeck-raw3.log:526,not_checked
g3-r01-f07,lora-ping,22:29:10,"burst: preamble 200, payload 110, 22 dBm",7,0x9c5ab6f0,0x4d538a13,"id, length; the sender is the receiver's",126,200,22,4,7,22,2681,receive (later frame of a run),2.3,22,accepted,"complete Lora RX line with id, sender and length",covers,126,1173,6.5,-55,5381.40625,,tdeck-raw3.log:539,not_checked
g3-r01-f08,lora-ping,22:29:15,"burst: preamble 200, payload 110, 22 dBm",8,0x47fb725d,0x4d538a13,"id, length; the sender is the receiver's",126,200,22,4,7,22,2681,receive (later frame of a run),2.3,22,accepted,"complete Lora RX line with id, sender and length",covers,126,1173,7.0,-54,5414.34375,,tdeck-raw3.log:552,not_checked
g3-r01-f09,lora-ping,22:29:20,"burst: preamble 200, payload 110, 22 dBm",9,0x0d09e9b7,0x4d538a13,"id, length; the sender is the receiver's",126,200,22,4,7,22,2681,receive (later frame of a run),2.3,22,accepted,"complete Lora RX line with id, sender and length",covers,126,1173,6.25,-54,5437.593262,,tdeck-raw3.log:565,not_checked
g3-r01-f10,lora-ping,22:29:25,"burst: preamble 200, payload 110, 22 dBm",10,0x785fa0a4,0x4d538a13,"id, length; the sender is the receiver's",126,200,22,4,7,22,2681,receive (later frame of a run),2.3,22,accepted,"complete Lora RX line with id, sender and length",covers,126,1173,6.5,-54,5460.843262,,tdeck-raw3.log:579,not_checked
g3-r02-f01,lora-ping,22:29:29,"right after: preamble 16, payload 110, 22 dBm",1,0xfc7b5a4a,0x4d53c487,"id, length; the sender is the receiver's",126,16,22,4,7,22,1174,standby RC (first frame of a run),2.8,22,crc_failed,"checksum failure, id tentative",covers,-1,1173,6.5,-55,,-7,tdeck-raw3.log:591,not_checked
g3-r02-f02,lora-ping,22:29:32,"right after: preamble 16, payload 110, 22 dBm",2,0xa2ec9140,0x4d53c487,"id, length; the sender is the receiver's",126,16,22,4,7,22,1174,receive (later frame of a run),1.8,22,crc_failed,"checksum failure, id tentative",covers,-1,1173,6.25,-55,,-7,tdeck-raw3.log:593,not_checked
g4-r01-f01,lora-ping,22:31:31,"preamble 160, payload 110, 0 dBm, cold",1,0xcab9f67f,0x4d53143f,"id, length; the sender is the receiver's",126,160,0,2,1,11,2353,standby RC (first frame of a run),116.6,22,accepted,"complete Lora RX line with id, sender and length",covers,126,1173,4.5,-75,4583.15625,,tdeck-raw3.log:615,not_checked
g4-r02-f01,lora-ping,22:32:02,"preamble 160, payload 176, 0 dBm, cold",1,0x05563065,0x4d534dac,"id, length; the sender is the receiver's",192,160,0,2,1,11,2845,standby RC (first frame of a run),28.2,0,crc_failed,"checksum failure, id tentative",covers,-1,1665,0.75,-77,,-7,tdeck-raw3.log:642,not_checked
g4-r03-f01,lora-ping,22:32:33,"preamble 160, payload 110, 5 dBm, cold",1,0xb228c51b,0x4d536e80,"id, length; the sender is the receiver's",126,160,5,2,2,11,2353,standby RC (first frame of a run),28.6,0,crc_failed,"checksum failure, id tentative",covers,-1,1173,4.5,-71,,-7,tdeck-raw3.log:648,not_checked
g4-r04-f01,lora-ping,22:33:04,"preamble 160, payload 176, 5 dBm, cold",1,0x5d717c27,0x4d53378c,"id, length; the sender is the receiver's",192,160,5,2,2,11,2845,standby RC (first frame of a run),28.2,5,crc_failed,"checksum failure, id tentative",covers,-1,1665,5.25,-70,,-7,tdeck-raw3.log:653,not_checked
g4-r05-f01,lora-ping,22:33:35,"preamble 160, payload 110, 10 dBm, cold",1,0x75403398,0x4d53f1da,"id, length; the sender is the receiver's",126,160,10,1,2,22,2353,standby RC (first frame of a run),28.6,5,crc_failed,"checksum failure, id tentative",covers,-1,1173,3.25,-61,,-7,tdeck-raw3.log:656,not_checked
g4-r06-f01,lora-ping,22:34:07,"preamble 160, payload 176, 10 dBm, cold",1,0xb5cce9f5,0x4d535500,"id, length; the sender is the receiver's",192,160,10,1,2,22,2845,standby RC (first frame of a run),29.2,10,crc_failed,"checksum failure, id tentative",covers,-1,1665,6.5,-61,,-7,tdeck-raw3.log:661,not_checked
g4-r07-f01,lora-ping,22:34:36,"preamble 16, payload 110, 0 dBm, cold",1,0x19f609c0,0x4d53d6c4,"id, length; the sender is the receiver's",126,16,0,2,1,11,1174,standby RC (first frame of a run),27.8,10,crc_failed,"checksum failure, id tentative",covers,-1,1173,4.0,-76,,-7,tdeck-raw3.log:664,not_checked
g4-r08-f01,lora-ping,22:35:06,"preamble 16, payload 176, 0 dBm, cold",1,0x86715b2f,0x4d53ed12,"id, length; the sender is the receiver's",192,16,0,2,1,11,1665,standby RC (first frame of a run),28.3,0,crc_failed,"checksum failure, id tentative",covers,-1,1665,4.5,-75,,-7,tdeck-raw3.log:669,not_checked
g4-r09-f01,lora-ping,22:35:37,"preamble 160, payload 110, -9 dBm, cold",1,0xd020d711,0x4d53f1d3,"id, length; the sender is the receiver's",126,160,-9,2,2,-5,2353,standby RC (first frame of a run),28.6,0,accepted,"complete Lora RX line with id, sender and length",covers,126,1173,-0.75,-85,4441.71875,,tdeck-raw3.log:674,not_checked
g4-r10-f01,lora-ping,22:36:09,"preamble 160, payload 176, -9 dBm, cold",1,0x5fe0ab80,0x4d53d9c6,"id, length; the sender is the receiver's",192,160,-9,2,2,-5,2845,standby RC (first frame of a run),29.2,-9,crc_failed,"checksum failure, id tentative",covers,-1,1665,-1.5,-85,,-7,tdeck-raw3.log:689,not_checked
g5-r01-f01,lora-ping,22:38:25,"warm-up burst at -9 dBm: preamble 200, payload 110",1,0x15386ebd,0x4d5331c2,"id, length; the sender is the receiver's",126,200,-9,2,2,-5,2681,standby RC (first frame of a run),133.3,-9,accepted,"complete Lora RX line with id, sender and length",covers,126,1173,-0.75,-85,4412.65625,,tdeck-raw3.log:704,not_checked
g5-r01-f02,lora-ping,22:38:29,"warm-up burst at -9 dBm: preamble 200, payload 110",2,0xd5f6a78f,0x4d5331c2,"id, length; the sender is the receiver's",126,200,-9,2,2,-5,2681,receive (later frame of a run),1.3,-9,accepted,"complete Lora RX line with id, sender and length",covers,126,1173,-0.25,-85,4478.53125,,tdeck-raw3.log:717,not_checked
g5-r01-f03,lora-ping,22:38:34,"warm-up burst at -9 dBm: preamble 200, payload 110",3,0x752b7533,0x4d5331c2,"id, length; the sender is the receiver's",126,200,-9,2,2,-5,2681,receive (later frame of a run),2.3,-9,accepted,"complete Lora RX line with id, sender and length",covers,126,1173,-0.5,-85,4517.28125,,tdeck-raw3.log:730,not_checked
g5-r01-f04,lora-ping,22:38:39,"warm-up burst at -9 dBm: preamble 200, payload 110",4,0x403896e4,0x4d5331c2,"id, length; the sender is the receiver's",126,200,-9,2,2,-5,2681,receive (later frame of a run),2.3,-9,accepted,"complete Lora RX line with id, sender and length",covers,126,1173,-0.25,-84,4542.468262,,tdeck-raw3.log:743,not_checked
g5-r01-f05,lora-ping,22:38:44,"warm-up burst at -9 dBm: preamble 200, payload 110",5,0x39b6f6dc,0x4d5331c2,"id, length; the sender is the receiver's",126,200,-9,2,2,-5,2681,receive (later frame of a run),2.3,-9,accepted,"complete Lora RX line with id, sender and length",covers,126,1173,-0.25,-84,4563.78125,,tdeck-raw3.log:757,not_checked
g5-r01-f06,lora-ping,22:38:49,"warm-up burst at -9 dBm: preamble 200, payload 110",6,0x66c56b2b,0x4d5331c2,"id, length; the sender is the receiver's",126,200,-9,2,2,-5,2681,receive (later frame of a run),2.3,-9,accepted,"complete Lora RX line with id, sender and length",covers,126,1173,-0.25,-84,4577.34375,,tdeck-raw3.log:770,not_checked
g5-r01-f07,lora-ping,22:38:53,"warm-up burst at -9 dBm: preamble 200, payload 110",7,0x231b8601,0x4d5331c2,"id, length; the sender is the receiver's",126,200,-9,2,2,-5,2681,receive (later frame of a run),1.3,-9,accepted,"complete Lora RX line with id, sender and length",covers,126,1173,,,4590.905762,,tdeck-raw3.log:783,not_checked
g5-r01-f08,lora-ping,22:38:58,"warm-up burst at -9 dBm: preamble 200, payload 110",8,0x808ddf4a,0x4d5331c2,"id, length; the sender is the receiver's",126,200,-9,2,2,-5,2681,receive (later frame of a run),2.3,-9,accepted,"complete Lora RX line with id, sender and length",covers,126,1173,-0.25,-84,4602.53125,,tdeck-raw3.log:796,not_checked
g5-r02-f01,lora-ping,22:39:05,"straight after the burst: preamble 160, payload 176, 14 dBm",1,0xa80d9211,0x4d538635,"id, length; the sender is the receiver's",192,160,14,1,4,20,2845,standby RC (first frame of a run),4.2,-9,crc_failed,"checksum failure, id tentative",covers,-1,1665,7.25,-58,,-7,tdeck-raw3.log:810,not_checked
g5-r03-f01,lora-ping,22:39:21,"10 s later: preamble 160, payload 176, 14 dBm",1,0xddf2f0f7,0x4d53aa2a,"id, length; the sender is the receiver's",192,160,14,1,4,20,2845,standby RC (first frame of a run),13.2,14,crc_failed,"checksum failure, id tentative",covers,-1,1665,6.75,-58,,-7,tdeck-raw3.log:813,not_checked
g5-r04-f01,lora-ping,22:39:48,"20 s after that: preamble 160, payload 176, 14 dBm",1,0x6afe184f,0x4d53210f,"id, length; the sender is the receiver's",192,160,14,1,4,20,2845,standby RC (first frame of a run),24.2,14,crc_failed,"checksum failure, id tentative",covers,-1,1665,6.5,-59,,-7,tdeck-raw3.log:817,not_checked
g5-r05-f01,lora-ping,22:40:34,"40 s after that: preamble 160, payload 176, 14 dBm",1,0x620f92e5,0x4d53761c,"id, length; the sender is the receiver's",192,160,14,1,4,20,2845,standby RC (first frame of a run),43.2,14,crc_failed,"checksum failure, id tentative",covers,-1,1665,6.5,-58,,-7,tdeck-raw3.log:822,not_checked
g6-r01-f01,lora-ping,22:41:45,"preamble 200, payload 176, -9 dBm, cold",1,0x3113cd59,0x0,"id, length; the sender is the receiver's",192,200,-9,2,2,-5,3172,standby RC (first frame of a run),67.8,14,capture_invalid,the capture holds no line around the time the frame was on the air,does_not_cover,,,,,,,,not_checked
g6-r02-f01,lora-ping,22:42:12,"preamble 200, payload 221, -9 dBm, cold",1,0xd7b141dd,0x0,"id, length; the sender is the receiver's",237,200,-9,2,2,-5,3541,standby RC (first frame of a run),23.5,-9,capture_invalid,the capture holds no line around the time the frame was on the air,does_not_cover,,,,,,,,not_checked
g6-r03-f01,lora-ping,22:42:40,"preamble 320, payload 176, -9 dBm, cold",1,0x9e2fa1a1,0x0,"id, length; the sender is the receiver's",192,320,-9,2,2,-5,4155,standby RC (first frame of a run),23.8,-9,capture_invalid,the capture holds no line around the time the frame was on the air,does_not_cover,,,,,,,,not_checked
g6-r04-f01,lora-ping,22:43:09,"preamble 320, payload 221, -9 dBm, cold",1,0x67c3f5b3,0x0,"id, length; the sender is the receiver's",237,320,-9,2,2,-5,4524,standby RC (first frame of a run),24.5,-9,capture_invalid,the capture holds no line around the time the frame was on the air,does_not_cover,,,,,,,,not_checked
g6-r05-f01,lora-ping,22:43:35,"preamble 200, payload 176, 0 dBm, cold",1,0x9cafb047,0x0,"id, length; the sender is the receiver's",192,200,0,2,1,11,3172,standby RC (first frame of a run),22.8,-9,capture_invalid,the capture holds no line around the time the frame was on the air,does_not_cover,,,,,,,,not_checked
g6-r06-f01,lora-ping,22:44:03,"preamble 200, payload 221, 0 dBm, cold",1,0x754e334d,0x0,"id, length; the sender is the receiver's",237,200,0,2,1,11,3541,standby RC (first frame of a run),24.5,0,capture_invalid,the capture holds no line around the time the frame was on the air,does_not_cover,,,,,,,,not_checked
g6-r07-f01,lora-ping,22:44:30,"preamble 320, payload 176, 0 dBm, cold",1,0x9b046c3a,0x0,"id, length; the sender is the receiver's",192,320,0,2,1,11,4155,standby RC (first frame of a run),22.8,0,capture_invalid,the capture holds no line around the time the frame was on the air,does_not_cover,,,,,,,,not_checked
g6-r08-f01,lora-ping,22:44:59,"preamble 320, payload 221, 0 dBm, cold",1,0x296929d9,0x0,"id, length; the sender is the receiver's",237,320,0,2,1,11,4524,standby RC (first frame of a run),24.5,0,capture_invalid,the capture holds no line around the time the frame was on the air,does_not_cover,,,,,,,,not_checked
g6-r09-f01,lora-ping,22:45:26,"preamble 200, payload 176, 5 dBm, cold",1,0xe2ad7a53,0x0,"id, length; the sender is the receiver's",192,200,5,2,2,11,3172,standby RC (first frame of a run),23.8,0,capture_invalid,the capture holds no line around the time the frame was on the air,does_not_cover,,,,,,,,not_checked
g6-r10-f01,lora-ping,22:45:54,"preamble 320, payload 221, 5 dBm, cold",1,0x22bd9f19,0x0,"id, length; the sender is the receiver's",237,320,5,2,2,11,4524,standby RC (first frame of a run),23.5,5,capture_invalid,the capture holds no line around the time the frame was on the air,does_not_cover,,,,,,,,not_checked
g6-r11-f01,lora-ping,22:46:19,"preamble 200, payload 60, 5 dBm, cold",1,0x5b2ef4b0,0x0,"id, length; the sender is the receiver's",76,200,5,2,2,11,2312,standby RC (first frame of a run),22.7,5,capture_invalid,the capture holds no line around the time the frame was on the air,does_not_cover,,,,,,,,not_checked
g6-r12-f01,lora-ping,22:46:45,"preamble 200, payload 110, 5 dBm, cold",1,0xb983aa4a,0x0,"id, length; the sender is the receiver's",126,200,5,2,2,11,2681,standby RC (first frame of a run),23.3,5,capture_invalid,the capture holds no line around the time the frame was on the air,does_not_cover,,,,,,,,not_checked
g7-r01-f01,lora-ping,22:55:34,"preamble 200, payload 176, -9 dBm, cold",1,0x7ec838e2,0x4d53b36d,"id, length; the sender is the receiver's",192,200,-9,2,2,-5,3172,standby RC (first frame of a run),525.8,5,crc_failed,"checksum failure, id tentative",covers,-1,1665,0.0,-84,,-7,tdeck-raw4.log:45,not_checked
g7-r02-f01,lora-ping,22:55:55,"preamble 200, payload 176, 0 dBm, cold",1,0xe3eb6e76,0x4d53ce89,"id, length; the sender is the receiver's",192,200,0,2,1,11,3172,standby RC (first frame of a run),17.8,-9,crc_failed,"checksum failure, id tentative",covers,-1,1665,1.0,-75,,-7,tdeck-raw4.log:48,not_checked
g7-r03-f01,lora-ping,22:56:15,"preamble 200, payload 110, 0 dBm, cold",1,0xde247c29,0x4d5381d5,"id, length; the sender is the receiver's",126,200,0,2,1,11,2681,standby RC (first frame of a run),17.3,0,accepted,"complete Lora RX line with id, sender and length",covers,126,1173,4.25,-74,4300.280762,,tdeck-raw4.log:53,not_checked
g7-r04-f01,lora-ping,22:56:36,"preamble 200, payload 221, -9 dBm, cold",1,0xa7e71072,0x4d53e303,"id, length; the sender is the receiver's",237,200,-9,2,2,-5,3541,standby RC (first frame of a run),17.5,0,crc_failed,"checksum failure, id tentative",covers,-1,2033,-1.0,-84,,-7,tdeck-raw4.log:66,not_checked
g7-r05-f01,lora-ping,22:56:57,"preamble 200, payload 176, -9 dBm, cold",1,0xf50fb088,0x4d537116,"id, length; the sender is the receiver's",192,200,-9,2,2,-5,3172,standby RC (first frame of a run),17.8,-9,accepted,"complete Lora RX line with id, sender and length",covers,192,1665,0.5,-83,4253.78125,,tdeck-raw4.log:70,not_checked
g7-r06-f01,lora-ping,22:57:18,"preamble 200, payload 176, 0 dBm, cold",1,0x5e7ca4e0,0x4d53d4de,"id, length; the sender is the receiver's",192,200,0,2,1,11,3172,standby RC (first frame of a run),17.8,-9,crc_failed,"checksum failure, id tentative",covers,-1,1665,3.75,-74,,-7,tdeck-raw4.log:85,not_checked
g7-r07-f01,lora-ping,22:57:38,"preamble 200, payload 110, 0 dBm, cold",1,0x6e7d35db,0x4d539a5c,"id, length; the sender is the receiver's",126,200,0,2,1,11,2681,standby RC (first frame of a run),17.3,0,accepted,"complete Lora RX line with id, sender and length",covers,126,1173,4.0,-75,4290.593262,,tdeck-raw4.log:89,not_checked
g7-r08-f01,lora-ping,22:57:59,"preamble 200, payload 221, 0 dBm, cold",1,0xd4b37729,0x4d536b3b,"id, length; the sender is the receiver's",237,200,0,2,1,11,3541,standby RC (first frame of a run),17.5,0,crc_failed,"checksum failure, id tentative",covers,-1,2033,4.75,-75,,-7,tdeck-raw4.log:102,not_checked
g7-r09-f01,lora-ping,22:58:20,"preamble 200, payload 176, -9 dBm, cold",1,0xdb47ab59,0x4d53151c,"id, length; the sender is the receiver's",192,200,-9,2,2,-5,3172,standby RC (first frame of a run),17.8,0,accepted,"complete Lora RX line with id, sender and length",covers,192,1665,-1.0,-85,4255.71875,,tdeck-raw4.log:108,not_checked
g7-r10-f01,lora-ping,22:58:41,"preamble 200, payload 176, 0 dBm, cold",1,0xbac2806b,0x4d533457,"id, length; the sender is the receiver's",192,200,0,2,1,11,3172,standby RC (first frame of a run),17.8,-9,crc_failed,"checksum failure, id tentative",covers,-1,1665,2.0,-76,,-7,tdeck-raw4.log:121,not_checked
g7-r11-f01,lora-ping,22:59:01,"preamble 200, payload 110, 0 dBm, cold",1,0xfead5930,0x4d534d24,"id, length; the sender is the receiver's",126,200,0,2,1,11,2681,standby RC (first frame of a run),17.3,0,accepted,"complete Lora RX line with id, sender and length",covers,126,1173,4.25,-75,4284.78125,,tdeck-raw4.log:125,not_checked
g7-r12-f01,lora-ping,22:59:22,"preamble 200, payload 221, -9 dBm, cold",1,0xcea55fbc,0x4d53d1c0,"id, length; the sender is the receiver's",237,200,-9,2,2,-5,3541,standby RC (first frame of a run),17.5,0,crc_failed,"checksum failure, id tentative",covers,-1,2033,-2.0,-85,,-7,tdeck-raw4.log:139,not_checked
g7-r13-f01,lora-ping,22:59:43,"preamble 200, payload 221, 0 dBm, cold",1,0xfa355fbc,0x4d5330c5,"id, length; the sender is the receiver's",237,200,0,2,1,11,3541,standby RC (first frame of a run),17.5,-9,crc_failed,"checksum failure, id tentative",covers,-1,2033,3.75,-75,,-7,tdeck-raw4.log:142,not_checked
x1-f01,lora-ping,23:01:22,"preamble 200, payload 176, 0 dBm, one run of four, 15 s of receive between frames",1,0x4f6089d0,0x4d53c360,"id, length; the sender is the receiver's",192,200,0,2,1,11,3172,standby RC (first frame of a run),95.8,0,crc_failed,receiver-side record only: a frame of this run that the receiver did not log cannot be known,covers,,1665,3.75,-74,,-7,tdeck-raw4.log:153,not_checked
x1-f02,lora-ping,23:01:41,"preamble 200, payload 176, 0 dBm, one run of four, 15 s of receive between frames",2,0x4033e86,0x4d53c360,"id, length; the sender is the receiver's",192,200,0,2,1,11,3172,receive (later frame of a run),15.8,0,crc_failed,receiver-side record only: a frame of this run that the receiver did not log cannot be known,covers,,1665,1.75,-76,,-7,tdeck-raw4.log:156,not_checked
x1-f03,lora-ping,23:02:01,"preamble 200, payload 176, 0 dBm, one run of four, 15 s of receive between frames",3,0x63846cb3,0x4d53c360,"id, length; the sender is the receiver's",192,200,0,2,1,11,3172,receive (later frame of a run),16.8,0,accepted,receiver-side record only: a frame of this run that the receiver did not log cannot be known,covers,192,1665,4.75,-75,4453.343262,,tdeck-raw4.log:160,not_checked
x1-f04,lora-ping,23:02:20,"preamble 200, payload 176, 0 dBm, one run of four, 15 s of receive between frames",4,0x3292b262,0x4d53c360,"id, length; the sender is the receiver's",192,200,0,2,1,11,3172,receive (later frame of a run),15.8,0,accepted,receiver-side record only: a frame of this run that the receiver did not log cannot be known,covers,192,1665,5.25,-74,4484.343262,,tdeck-raw4.log:175,not_checked
