receiver_log_line,receiver_uptime_s,clock_estimate,what_the_receiver_logged,packet_id,sender,length_bytes,receiver_airtime_ms,length_range_from_airtime,error,snr_db,rssi_dbm,offset_hz,settings
tdeck-raw2.log:19,2232,19:58:16,accepted,0xf9e8f946,0x4d534b97,32,477,28-33,,6.5,-45,5530.59375,not recorded by the sender side
tdeck-raw2.log:36,2237,19:58:21,refused,0xb2857de7,0x4d5371ca,,804,72-77,-7,4.75,-45,,not recorded by the sender side
tdeck-raw2.log:38,2243,19:58:27,refused,0x34c6e1fd,0x4d535bde,,1173,122-126,-7,6.5,-45,,not recorded by the sender side
tdeck-raw2.log:40,2249,19:58:33,refused,0xf47e3b20,0x4d53f8b7,,1869,215-220,-7,5.75,-45,,not recorded by the sender side
tdeck-raw2.log:44,2254,19:58:38,accepted,0x614f95d3,0x4d532650,32,477,28-33,,6.0,-52,5553.843262,not recorded by the sender side
tdeck-raw2.log:60,2259,19:58:43,accepted,0x6836403,0x4d53e6f2,76,804,72-77,,5.0,-53,5555.78125,not recorded by the sender side
tdeck-raw2.log:77,2264,19:58:48,refused,0x64618d35,0x4d53287a,,1173,122-126,-7,2.5,-55,,not recorded by the sender side
tdeck-raw2.log:79,2271,19:58:55,refused,0x9393804d,0x4d536bc2,,1869,215-220,-7,6.75,-53,,not recorded by the sender side
tdeck-raw2.log:84,2275,19:58:59,accepted,0xd1bca354,0x4d53b629,32,477,28-33,,5.0,-66,5520.90625,not recorded by the sender side
tdeck-raw2.log:100,2280,19:59:04,accepted,0xe31dcdcb,0x4d53b6b5,76,804,72-77,,5.75,-66,5518.968262,not recorded by the sender side
tdeck-raw2.log:118,2285,19:59:09,refused,0x49239897,0x4d53ae77,,1173,122-126,-7,5.25,-67,,not recorded by the sender side
tdeck-raw2.log:132,2292,19:59:16,refused,0x6d0710e8,0x4d5366d0,,1869,215-220,-7,2.75,-67,,not recorded by the sender side
tdeck-raw2.log:152,2385,20:00:49,refused,0x35df53e,0x4d538e17,,1132,116-121,-7,2.75,-66,,not recorded by the sender side
tdeck-raw2.log:154,2391,20:00:55,refused,0x33d25588,0x4d53e0dc,,1132,116-121,-7,3.5,-65,,not recorded by the sender side
tdeck-raw2.log:158,2396,20:01:00,refused,0xf5dd2bdb,0x4d533748,,1173,122-126,-7,1.75,-67,,not recorded by the sender side
tdeck-raw2.log:160,2402,20:01:06,refused,0xc72d7352,0x4d534ba5,,1173,122-126,-7,2.25,-66,,not recorded by the sender side
tdeck-raw2.log:174,2408,20:01:12,refused,0x339b5e8c,0x4d538971,,1869,215-220,-7,1.25,-67,,not recorded by the sender side
tdeck-raw2.log:177,2415,20:01:19,refused,0x89eb6624,0x4d536716,,1869,215-220,-7,5.75,-65,,not recorded by the sender side
tdeck-raw2.log:179,2420,20:01:24,refused,0xc2d36120,0x4d5333a4,,804,72-77,-7,5.75,-45,,not recorded by the sender side
tdeck-raw2.log:181,2426,20:01:30,refused,0xd70d1d11,0x4d53b0e1,,1869,215-220,-7,3.0,-45,,not recorded by the sender side
tdeck-raw2.log:183,2433,20:01:37,refused,0x67b1ac21,0x4d534a61,,1869,215-220,-7,5.5,-52,,not recorded by the sender side
tdeck-raw2.log:224,2568,20:03:52,refused,0x59c2318d,0x4d53a513,,1148,,-7,6.5,-42,,not recorded by the sender side
tdeck-raw2.log:228,2574,20:03:58,refused,0xc3b18025,0x4d53feca,,1738,,-7,3.0,-44,,not recorded by the sender side
tdeck-raw2.log:230,2581,20:04:05,refused,0x4ee8d5a7,0x4d53d635,,2852,,-7,5.75,-44,,not recorded by the sender side
tdeck-raw2.log:233,2587,20:04:11,accepted,0x5abc752,0x4d53e229,76,1148,,,3.5,-53,5546.09375,not recorded by the sender side
tdeck-raw2.log:263,2593,20:04:17,refused,0x1d6f4ff9,0x4d531052,,1738,,-7,5.75,-52,,not recorded by the sender side
tdeck-raw2.log:266,2600,20:04:24,refused,0x2e00f43,0x4d530e4e,,2852,,-7,6.5,-51,,not recorded by the sender side
tdeck-raw2.log:268,2605,20:04:29,refused,0x2994089c,0x4d53490e,,1034,,-7,6.25,-42,,not recorded by the sender side
tdeck-raw2.log:270,2611,20:04:35,refused,0x3b450403,0x4d5303b2,,1550,,-7,6.25,-43,,not recorded by the sender side
tdeck-raw2.log:273,2618,20:04:42,refused,0xa1b60fd1,0x4d532ebc,,2525,,-7,5.5,-44,,not recorded by the sender side
tdeck-raw2.log:276,2623,20:04:47,refused,0xa2651321,0x4d533709,,1034,,-7,1.5,-54,,not recorded by the sender side
tdeck-raw2.log:279,2629,20:04:53,refused,0xfcc8c06c,0x4d531ff0,,1550,,-7,5.25,-52,,not recorded by the sender side
tdeck-raw2.log:285,2636,20:05:00,refused,0xb61bede,0x4d53a6ad,,2525,,-7,5.75,-52,,not recorded by the sender side
tdeck-raw2.log:288,2641,20:05:05,refused,0x763a2a1e,0x4d536505,,919,,-7,6.25,-43,,not recorded by the sender side
tdeck-raw2.log:291,2647,20:05:11,refused,0xa596e71,0x4d53d1d6,,1361,,-7,6.0,-44,,not recorded by the sender side
tdeck-raw2.log:310,2654,20:05:18,refused,0xc460c3af,0x4d537cf9,,2197,,-7,6.0,-43,,not recorded by the sender side
tdeck-raw2.log:313,2659,20:05:23,accepted,0x26964580,0x4d535383,76,919,,,1.5,-55,5544.155762,not recorded by the sender side
tdeck-raw2.log:332,2664,20:05:28,refused,0x8b71f63d,0x4d533997,,1361,,-7,2.75,-53,,not recorded by the sender side
tdeck-raw2.log:334,2671,20:05:35,refused,0x18896056,0x4d53bb47,,2197,,-7,6.0,-53,,not recorded by the sender side
tdeck-raw2.log:374,2738,20:06:42,refused,0xc3196b,0x4d533574,,804,72-77,-7,2.5,-44,,not recorded by the sender side
tdeck-raw2.log:376,2744,20:06:48,refused,0x6d76f43b,0x4d53e9af,,1173,122-126,-7,7.5,-45,,not recorded by the sender side
tdeck-raw2.log:380,2762,20:07:06,refused,0x8ffea90c,0x4d53a300,,1173,122-126,-7,6.0,-52,,not recorded by the sender side
tdeck-raw2.log:397,2775,20:07:19,accepted,0x3e4258,0x4d530664,76,804,72-77,,6.0,-44,5668.15625,not recorded by the sender side
tdeck-raw2.log:416,2782,20:07:26,accepted,0xbc197088,0x4d53e127,126,1173,122-126,,7.5,-43,5703.030762,not recorded by the sender side
tdeck-raw2.log:434,2790,20:07:34,accepted,0xcebd16a8,0x4d53b0ae,216,1869,215-220,,6.75,-43,5722.405762,not recorded by the sender side
tdeck-raw2.log:454,2797,20:07:41,accepted,0x8b760383,0x4d53b4b7,76,804,72-77,,6.75,-51,5662.34375,not recorded by the sender side
tdeck-raw2.log:473,2803,20:07:47,accepted,0x677b5d81,0x4d53974e,126,1173,122-126,,6.5,-51,5644.905762,not recorded by the sender side
tdeck-raw2.log:494,2811,20:07:55,accepted,0x29c36714,0x4d53ceab,216,1869,215-220,,6.25,-51,5627.46875,not recorded by the sender side
tdeck-raw2.log:508,2820,20:08:04,accepted,0x5c003b19,0x4d53b7a5,76,804,72-77,,7.25,-42,5726.28125,not recorded by the sender side
tdeck-raw2.log:525,2830,20:08:14,accepted,0xfaed0ed5,0x4d5329d4,126,1173,122-126,,7.25,-45,5706.90625,not recorded by the sender side
tdeck-raw2.log:537,2840,20:08:24,refused,0x1ae2d78f,0x4d53b6b3,,1869,215-220,-7,2.5,-46,,not recorded by the sender side
tdeck-raw2.log:540,2849,20:08:33,accepted,0x6c637ca1,0x4d532cc8,76,804,72-77,,5.75,-53,5662.34375,not recorded by the sender side
tdeck-raw2.log:553,2858,20:08:42,accepted,0x2475c6c8,0x4d5394bc,126,1173,122-126,,5.75,-52,5662.34375,not recorded by the sender side
tdeck-raw2.log:565,2869,20:08:53,accepted,0x80dd0084,0x4d53bf90,216,1869,215-220,,6.0,-52,5654.593262,not recorded by the sender side
tdeck-raw2.log:580,2926,20:09:50,refused,0xe95e9bad,0x4d5380b8,,1173,122-126,-7,3.5,-44,,not recorded by the sender side
tdeck-raw2.log:582,2932,20:09:56,refused,0xb34212fc,0x4d531047,,1173,122-126,-7,4.0,-45,,not recorded by the sender side
tdeck-raw2.log:586,2939,20:10:03,refused,0xc369b80e,0x4d53c20f,,1869,215-220,-7,3.25,-45,,not recorded by the sender side
tdeck-raw2.log:589,2946,20:10:10,refused,0x837b0df7,0x4d530b49,,1869,215-220,-7,3.0,-45,,not recorded by the sender side
tdeck-raw2.log:592,2953,20:10:17,accepted,0x75e24ad5,0x4d539ee0,126,1173,122-126,,5.5,-44,5708.843262,not recorded by the sender side
tdeck-raw2.log:605,2959,20:10:23,accepted,0xcf50217e,0x4d53ddd4,126,1173,122-126,,5.75,-44,5710.78125,not recorded by the sender side
tdeck-raw2.log:617,2967,20:10:31,accepted,0xc5c0ac3b,0x4d536ded,216,1869,215-220,,6.0,-43,5710.78125,not recorded by the sender side
tdeck-raw2.log:630,2974,20:10:38,accepted,0x3d8f57c9,0x4d532706,216,1869,215-220,,6.0,-44,5716.59375,not recorded by the sender side
tdeck-raw2.log:642,2981,20:10:45,accepted,0xeb4e1b9d,0x4d53e8c2,126,1173,122-126,,6.75,-44,5737.905762,not recorded by the sender side
tdeck-raw2.log:654,2987,20:10:51,accepted,0x1055269,0x4d53d26c,126,1173,122-126,,6.25,-44,5737.905762,not recorded by the sender side
tdeck-raw2.log:668,2995,20:10:59,accepted,0x6b860dff,0x4d53fb82,216,1869,215-220,,7.0,-43,5737.905762,not recorded by the sender side
tdeck-raw2.log:680,3002,20:11:06,accepted,0x65dc024e,0x4d5322d7,216,1869,215-220,,6.0,-43,5739.84375,not recorded by the sender side
tdeck-raw2.log:692,3009,20:11:13,accepted,0x57e9bbc0,0x4d53b77c,126,1173,122-126,,7.0,-43,5747.593262,not recorded by the sender side
tdeck-raw2.log:705,3016,20:11:20,accepted,0x56df46b8,0x4d53030d,126,1173,122-126,,6.75,-44,5745.65625,not recorded by the sender side
tdeck-raw2.log:716,3024,20:11:28,refused,0xc2532bb6,0x4d534dd9,,1869,215-220,-7,5.5,-45,,not recorded by the sender side
tdeck-raw2.log:718,3033,20:11:37,refused,0xaa543c63,0x4d538c5d,,1869,215-220,-7,5.25,-44,,not recorded by the sender side
