label,block,arm,repeat,void,mode_loaded,sent_at,id,length,airtime_ms,verdict_A,reason_A,rssi_A,offset_A,other_node_sending_A,verdict_B,reason_B,rssi_B,offset_B,other_node_sending_B
bc-20260928-010506-b1-C,1,C,False,False,2,01:05:27,0x566a6f6c,176,2722,accepted,"complete Lora RX line with id, sender and length",-75,4633.53125,False,accepted,"complete Lora RX line with id, sender and length",-66,4647.093262,False
bc-20260928-010506-b1-B,1,B,False,False,3,01:07:34,0xbd375db3,176,2722,crc_failed,"checksum failure, id tentative",-76,,False,accepted,"complete Lora RX line with id, sender and length",-66,4650.96875,False
bc-20260928-010506-b2-B,2,B,False,False,3,01:09:41,0x7c780783,176,2722,accepted,"complete Lora RX line with id, sender and length",-76,4645.15625,False,accepted,"complete Lora RX line with id, sender and length",-67,4656.780762,False
bc-20260928-010506-b2-C,2,C,False,False,2,01:11:48,0x68321657,176,2722,accepted,"complete Lora RX line with id, sender and length",-74,4664.53125,False,accepted,"complete Lora RX line with id, sender and length",-68,4676.155762,False
bc-20260928-010506-b3-C,3,C,False,False,2,01:13:55,0xcf8e7278,176,2722,accepted,"complete Lora RX line with id, sender and length",-76,4666.468262,False,accepted,"complete Lora RX line with id, sender and length",-68,4680.03125,False
bc-20260928-010506-b3-B,3,B,False,False,3,01:16:02,0x2b887457,176,2722,accepted,"complete Lora RX line with id, sender and length",-75,4660.65625,False,crc_failed,"checksum failure, id tentative",-67,,False
bc-20260928-010506-b4-B,4,B,False,False,3,01:18:09,0x1784cb48,176,2722,accepted,"complete Lora RX line with id, sender and length",-74,4654.84375,False,accepted,"complete Lora RX line with id, sender and length",-67,4666.468262,False
bc-20260928-010506-b4-C,4,C,False,False,2,01:20:16,0x9998b91b,176,2722,crc_failed,"checksum failure, id tentative",-75,,False,accepted,"complete Lora RX line with id, sender and length",-67,4658.718262,False
bc-20260928-010506-b5-B,5,B,False,False,3,01:22:23,0x32423cff,176,2722,accepted,"complete Lora RX line with id, sender and length",-75,4641.28125,False,accepted,"complete Lora RX line with id, sender and length",-68,4654.84375,False
bc-20260928-010506-b5-C,5,C,False,False,2,01:24:30,0x9ed6f43b,176,2722,accepted,"complete Lora RX line with id, sender and length",-76,4639.343262,False,accepted,"complete Lora RX line with id, sender and length",-70,4649.030762,False
bc-20260928-010506-b6-B,6,B,False,False,3,01:26:37,0x9ca17f1d,176,2722,crc_failed,"checksum failure, id tentative",-76,,False,accepted,"complete Lora RX line with id, sender and length",-69,4650.96875,False
bc-20260928-010506-b6-C,6,C,False,False,2,01:28:45,0xed233819,176,2722,accepted,"complete Lora RX line with id, sender and length",-74,4635.46875,False,crc_failed,"checksum failure, id tentative",-69,,False
bc-20260928-010506-b7-C,7,C,False,False,2,01:30:52,0xfaf05286,176,2722,accepted,"complete Lora RX line with id, sender and length",-75,4631.59375,False,accepted,"complete Lora RX line with id, sender and length",-68,4641.28125,False
bc-20260928-010506-b7-B,7,B,False,False,3,01:32:59,0x2a8d0ded,176,2722,accepted,"complete Lora RX line with id, sender and length",-76,4631.59375,False,accepted,"complete Lora RX line with id, sender and length",-68,4641.28125,False
bc-20260928-010506-b8-B,8,B,False,False,3,01:35:06,0xc1bfe621,176,2722,crc_failed,"checksum failure, id tentative",-77,,False,accepted,"complete Lora RX line with id, sender and length",-69,4647.093262,False
bc-20260928-010506-b8-C,8,C,False,False,2,01:37:13,0x39ad3132,176,2722,accepted,"complete Lora RX line with id, sender and length",-76,4641.28125,False,accepted,"complete Lora RX line with id, sender and length",-69,4649.030762,False
