clock,id,sender,length,rssi,verdict,since_own_tx_s,own_tx_id,receiver_airtime_ms
02:52:36,0x5700fa99,0x52cb81e7,,-57,refused (error -7),4.1,0x5700fa99,2353
02:52:46,0x5700fa99,0x52cb81e7,,-57,refused (error -7),4.6,0x5700fa99,2353
02:52:55,0x5700fa99,0x52cb81e7,,-57,refused (error -7),4.0,0x5700fa99,2353
02:56:55,0x1d7f0792,0xa1b3c3a4,33,-54,accepted,243.8,0x5700fa99,1656
02:57:02,0x1d7f0792,0xa1b3c3a4,33,-54,accepted,250.5,0x5700fa99,1656
02:57:09,0x1d7f0792,0xa1b3c3a4,33,-54,accepted,257.5,0x5700fa99,1656
02:58:00,0x72657b8b,0x52cb81e7,,-54,refused (error -7),3.2,0x72657b8b,2271
02:58:12,0x72657b8b,0x52cb81e7,,-55,refused (error -7),5.5,0x72657b8b,2271
02:58:20,0x72657b8b,0x52cb81e7,,-54,refused (error -7),3.6,0x72657b8b,2271
02:58:20,0xd9bf3e8c,0xa1b3c3a4,33,,not_heard (A heard it),4.5,,
02:58:27,0xd9bf3e8c,0xa1b3c3a4,33,-54,accepted,11.1,0x72657b8b,1656
02:58:34,0xd9bf3e8c,0xa1b3c3a4,33,-54,accepted,18.1,0x72657b8b,1656
02:59:00,0x0fceafe5,0xa1b3c3a4,33,-53,accepted,44.3,0x72657b8b,1656
02:59:07,0x0fceafe5,0xa1b3c3a4,33,-54,accepted,51.1,0x72657b8b,1656
02:59:14,0x0fceafe5,0xa1b3c3a4,33,-53,accepted,58.2,0x72657b8b,1656
02:59:48,0xa0ad8651,0xa1b3c2ec,32,-90,accepted,91.5,0x72657b8b,1656
02:59:53,0x3aec95ef,0xa1b3c3a4,34,-53,accepted,96.6,0x72657b8b,1697
02:59:54,0xa0ad8651,0xa1b3c2ec,32,-87,accepted,97.9,0x72657b8b,1656
02:59:57,0x3aec95ef,0xa1b3c3a4,34,-53,accepted,101.4,0x72657b8b,1697
03:00:00,0xa0ad8651,0xa1b3c2ec,32,-53,accepted,103.7,0x72657b8b,1656
03:00:04,0x3aec95ef,0xa1b3c3a4,34,-53,accepted,108.3,0x72657b8b,1697
03:02:09,0xd0cc1653,0xa1b3c2ec,29,-96,accepted,232.6,0x72657b8b,1656
03:02:11,0xd0cc1653,0xa1b3c2ec,29,-53,accepted,234.7,0x72657b8b,1656
03:07:11,0x5cbddd90,0x52cb81e7,,-55,refused (error -7),7.8,0x5cbddd90,2721
03:14:42,0xecc03655,0xa1b3c2ec,30,-87,accepted,458.8,0x5cbddd90,1656
03:14:48,0xecc03655,0xa1b3c2ec,30,-54,accepted,464.0,0x5cbddd90,1656
03:16:10,0xa23fae7c,0x52cb81e7,,-54,refused (error -7),5.5,0xa23fae7c,2312
03:16:27,0xa23fae7c,0x52cb81e7,,-54,refused (error -7),3.3,0xa23fae7c,2312
03:16:52,0x8c6d5143,0xa1b3c3a4,,-55,refused (error -7),28.3,0xa23fae7c,2230
03:27:52,0x8c6a864d,0x27ca8f1c,50,-46,accepted,688.3,0xa23fae7c,1820
03:27:59,0x8c6a864d,0x27ca8f1c,50,-50,accepted,695.4,0xa23fae7c,1820
