attempt,id,copy,sent_at,to,length,airtime_ms,verdict_A,reason_A,rssi_A,offset_A,decoded_A,verdict_B,reason_B,rssi_B,offset_B
daemon-0xfa54efe3-1790556737,0xfa54efe3,1,02:52:17,0xffffffff,176,2722,accepted,"complete Lora RX line with id, sender and length",-78,4602.53125,,crc_failed,"checksum failure, id tentative",-70,
daemon-0x5700fa99-1790556752,0x5700fa99,1,02:52:32,0xffffffff,123,2353,accepted,"complete Lora RX line with id, sender and length",-77,4647.093262,MSPP at 0 dBm: hello from the phone,accepted,"complete Lora RX line with id, sender and length",-69,4656.780762
daemon-0x5700fa99-1790556761,0x5700fa99,2,02:52:41,0xffffffff,123,2353,accepted,"complete Lora RX line with id, sender and length",-78,4645.15625,MSPP at 0 dBm: hello from the phone,accepted,"complete Lora RX line with id, sender and length",-70,4662.59375
daemon-0x5700fa99-1790556771,0x5700fa99,3,02:52:51,0xffffffff,123,2353,accepted,"complete Lora RX line with id, sender and length",-77,4649.030762,MSPP at 0 dBm: hello from the phone,accepted,"complete Lora RX line with id, sender and length",-69,4666.468262
daemon-0x72657b8b-1790557077,0x72657b8b,1,02:57:57,0xffffffff,111,2271,accepted,"complete Lora RX line with id, sender and length",-78,4747.84375,MSPP probe series start,capture_invalid,the capture holds no line around the time the frame was on the air,,
daemon-0x72657b8b-1790557086,0x72657b8b,2,02:58:06,0xffffffff,111,2271,accepted,"complete Lora RX line with id, sender and length",-78,4745.905762,MSPP probe series start,capture_invalid,the capture holds no line around the time the frame was on the air,,
daemon-0x72657b8b-1790557096,0x72657b8b,3,02:58:16,0xffffffff,111,2271,accepted,"complete Lora RX line with id, sender and length",-78,4738.15625,MSPP probe series start,capture_invalid,the capture holds no line around the time the frame was on the air,,
daemon-0x5cbddd90-1790557624,0x5cbddd90,1,03:07:04,0xffffffff,176,2722,capture_invalid,"the capture ran, and the receiver wrote nothing around the time the frame was on the air",,,,accepted,"complete Lora RX line with id, sender and length",-68,4792.405762
daemon-0xa23fae7c-1790558164,0xa23fae7c,1,03:16:04,0xffffffff,119,2312,capture_invalid,"the capture ran, and the receiver wrote nothing around the time the frame was on the air",,,,accepted,"complete Lora RX line with id, sender and length",-66,5106.28125
daemon-0xa23fae7c-1790558174,0xa23fae7c,2,03:16:14,0xffffffff,119,2312,capture_invalid,"the capture ran, and the receiver wrote nothing around the time the frame was on the air",,,,ambiguous,the receiver was sending while the frame was on the air,,
daemon-0xa23fae7c-1790558183,0xa23fae7c,3,03:16:23,0xffffffff,119,2312,capture_invalid,"the capture ran, and the receiver wrote nothing around the time the frame was on the air",,,,accepted,"complete Lora RX line with id, sender and length",-67,5098.53125
